Firstname,Lastname,OU,SAM,Maildomain,Description,Password
Pivotal,Tester 1,"OU=Test Accounts,OU=All Users,OU=Accounts,DC=emia,DC=com,DC=au",pivotaltester1,emia.com.au,Tester account for Pivotal,password
Pivotal,Tester 2,"OU=Test Accounts,OU=All Users,OU=Accounts,DC=emia,DC=com,DC=au",pivotaltester2,emia.com.au,Tester account for Pivotal,password
Pivotal,Tester 3,"OU=Test Accounts,OU=All Users,OU=Accounts,DC=emia,DC=com,DC=au",pivotaltester3,emia.com.au,Tester account for Pivotal,password
Pivotal,Tester 4,"OU=Test Accounts,OU=All Users,OU=Accounts,DC=emia,DC=com,DC=au",pivotaltester4,emia.com.au,Tester account for Pivotal,password
Pivotal,Tester 5,"OU=Test Accounts,OU=All Users,OU=Accounts,DC=emia,DC=com,DC=au",pivotaltester5,emia.com.au,Tester account for Pivotal,password
Pivotal,Tester 6,"OU=Test Accounts,OU=All Users,OU=Accounts,DC=emia,DC=com,DC=au",pivotaltester6,emia.com.au,Tester account for Pivotal,password
Pivotal,Tester 7,"OU=Test Accounts,OU=All Users,OU=Accounts,DC=emia,DC=com,DC=au",pivotaltester7,emia.com.au,Tester account for Pivotal,password
Pivotal,Tester 8,"OU=Test Accounts,OU=All Users,OU=Accounts,DC=emia,DC=com,DC=au",pivotaltester8,emia.com.au,Tester account for Pivotal,password
Pivotal,Tester 9,"OU=Test Accounts,OU=All Users,OU=Accounts,DC=emia,DC=com,DC=au",pivotaltester9,emia.com.au,Tester account for Pivotal,password
Pivotal,Tester 10,"OU=Test Accounts,OU=All Users,OU=Accounts,DC=emia,DC=com,DC=au",pivotaltester10,emia.com.au,Tester account for Pivotal,password
Pivotal,Tester 11,"OU=Test Accounts,OU=All Users,OU=Accounts,DC=emia,DC=com,DC=au",pivotaltester11,emia.com.au,Tester account for Pivotal,password
Pivotal,Tester 12,"OU=Test Accounts,OU=All Users,OU=Accounts,DC=emia,DC=com,DC=au",pivotaltester12,emia.com.au,Tester account for Pivotal,password
Pivotal,Tester 13,"OU=Test Accounts,OU=All Users,OU=Accounts,DC=emia,DC=com,DC=au",pivotaltester13,emia.com.au,Tester account for Pivotal,password
Pivotal,Tester 14,"OU=Test Accounts,OU=All Users,OU=Accounts,DC=emia,DC=com,DC=au",pivotaltester14,emia.com.au,Tester account for Pivotal,password
Pivotal,Tester 15,"OU=Test Accounts,OU=All Users,OU=Accounts,DC=emia,DC=com,DC=au",pivotaltester15,emia.com.au,Tester account for Pivotal,password
Pivotal,Tester 16,"OU=Test Accounts,OU=All Users,OU=Accounts,DC=emia,DC=com,DC=au",pivotaltester16,emia.com.au,Tester account for Pivotal,password
Pivotal,Tester 17,"OU=Test Accounts,OU=All Users,OU=Accounts,DC=emia,DC=com,DC=au",pivotaltester17,emia.com.au,Tester account for Pivotal,password
Pivotal,Tester 18,"OU=Test Accounts,OU=All Users,OU=Accounts,DC=emia,DC=com,DC=au",pivotaltester18,emia.com.au,Tester account for Pivotal,password
Pivotal,Tester 19,"OU=Test Accounts,OU=All Users,OU=Accounts,DC=emia,DC=com,DC=au",pivotaltester19,emia.com.au,Tester account for Pivotal,password
Pivotal,Tester 20,"OU=Test Accounts,OU=All Users,OU=Accounts,DC=emia,DC=com,DC=au",pivotaltester20,emia.com.au,Tester account for Pivotal,password
